<list>
  <com.cyanspring.common.staticdata.RefData>
    <fields>
      <entry>
        <string>Lot size</string>
        <int>1</int>
      </entry>
      <entry>
        <string>Symbol</string>
        <string>C</string>
      </entry>
      <entry>
        <string>Contract</string>
        <com.ib.client.Contract>
          <m__conId>0</m__conId>
          <m__symbol>C</m__symbol>
          <m__secType>STK</m__secType>
          <m__strike>0.0</m__strike>
          <m__exchange>SMART</m__exchange>
          <m__currency>USD</m__currency>
          <m__includeExpired>false</m__includeExpired>
          <m__comboLegs/>
        </com.ib.client.Contract>
      </entry>
    </fields>
  </com.cyanspring.common.staticdata.RefData>
  <com.cyanspring.common.staticdata.RefData>
    <fields>
      <entry>
        <string>Lot size</string>
        <int>1</int>
      </entry>
      <entry>
        <string>Symbol</string>
        <string>CCH</string>
      </entry>
      <entry>
        <string>Contract</string>
        <com.ib.client.Contract>
          <m__conId>0</m__conId>
          <m__symbol>CCH</m__symbol>
          <m__secType>STK</m__secType>
          <m__strike>0.0</m__strike>
          <m__exchange>SMART</m__exchange>
          <m__currency>USD</m__currency>
          <m__includeExpired>false</m__includeExpired>
          <m__comboLegs/>
        </com.ib.client.Contract>
      </entry>
    </fields>
  </com.cyanspring.common.staticdata.RefData>
  <com.cyanspring.common.staticdata.RefData>
    <fields>
      <entry>
        <string>Lot size</string>
        <int>1</int>
      </entry>
      <entry>
        <string>Symbol</string>
        <string>MSFT</string>
      </entry>
      <entry>
        <string>Contract</string>
        <com.ib.client.Contract>
          <m__conId>0</m__conId>
          <m__symbol>MSFT</m__symbol>
          <m__secType>STK</m__secType>
          <m__strike>0.0</m__strike>
          <m__exchange>SMART</m__exchange>
          <m__currency>USD</m__currency>
          <m__includeExpired>false</m__includeExpired>
          <m__comboLegs/>
        </com.ib.client.Contract>
      </entry>
    </fields>
  </com.cyanspring.common.staticdata.RefData>
</list>