<list>
  <webcurve.common.MarketMakerData>
    <stock>RIO.AX</stock>
    <basePrice>55.0</basePrice>
    <priceVariant>1.5</priceVariant>
    <stdFactor>3.0</stdFactor>
    <tradingMinInterval>500</tradingMinInterval>
    <tradingMaxInterval>2000</tradingMaxInterval>
    <minQuantity>200</minQuantity>
    <maxQuantity>4000</maxQuantity>
    <lotSize>1</lotSize>
  </webcurve.common.MarketMakerData>
  <webcurve.common.MarketMakerData>
    <stock>BHP.AX</stock>
    <basePrice>37.0</basePrice>
    <priceVariant>1.0</priceVariant>
    <stdFactor>3.0</stdFactor>
    <tradingMinInterval>500</tradingMinInterval>
    <tradingMaxInterval>2000</tradingMaxInterval>
    <minQuantity>200</minQuantity>
    <maxQuantity>4000</maxQuantity>
    <lotSize>1</lotSize>
  </webcurve.common.MarketMakerData>
  <webcurve.common.MarketMakerData>
    <stock>WBC.AX</stock>
    <basePrice>20.5</basePrice>
    <priceVariant>0.8</priceVariant>
    <stdFactor>3.0</stdFactor>
    <tradingMinInterval>500</tradingMinInterval>
    <tradingMaxInterval>2000</tradingMaxInterval>
    <minQuantity>400</minQuantity>
    <maxQuantity>8000</maxQuantity>
    <lotSize>1</lotSize>
  </webcurve.common.MarketMakerData>
  <webcurve.common.MarketMakerData>
    <stock>ANZ.AX</stock>
    <basePrice>21.6</basePrice>
    <priceVariant>0.8</priceVariant>
    <stdFactor>3.0</stdFactor>
    <tradingMinInterval>500</tradingMinInterval>
    <tradingMaxInterval>2000</tradingMaxInterval>
    <minQuantity>400</minQuantity>
    <maxQuantity>8000</maxQuantity>
    <lotSize>1</lotSize>
  </webcurve.common.MarketMakerData>
</list>