<beans xmlns="http://www.springframework.org/schema/beans"
	xmlns:xsi="http://www.w3.org/2001/XMLSchema-instance"
	xmlns:context="http://www.springframework.org/schema/context"
	xsi:schemaLocation="http://www.springframework.org/schema/context
	http://www.springframework.org/schema/context/spring-context.xsd
	http://www.springframework.org/schema/beans
	http://www.springframework.org/schema/beans/spring-beans.xsd"
>

	<context:annotation-config />
<!-- 
	<import resource="classpath*:conf/DollarNeutralStrategy.xml" />
	<import resource="classpath*:conf/LowHighStrategy.xml" />
	<import resource="classpath*:conf/IcebergStrategy.xml" />
	<import resource="classpath*:conf/SDMAStrategy.xml" />
	<import resource="classpath*:conf/SniperStrategy.xml" />
	<import resource="classpath*:conf/POVStrategy.xml" />
	<import resource="classpath*:conf/DummyStrategy.xml" />
	<import resource="classpath*:conf/MarketMakingStrategy.xml" />
	<import resource="classpath*:conf/TrendingStrategy.xml" />
	<import resource="classpath*:conf/StopWinLossStrategy.xml" />
 -->	

</beans>
