<beans xmlns="http://www.springframework.org/schema/beans"
	xmlns:xsi="http://www.w3.org/2001/XMLSchema-instance"
	xmlns:context="http://www.springframework.org/schema/context"
	xsi:schemaLocation="http://www.springframework.org/schema/context
	http://www.springframework.org/schema/context/spring-context.xsd
	http://www.springframework.org/schema/beans
	http://www.springframework.org/schema/beans/spring-beans.xsd"
>

	<context:annotation-config />
	<bean id="dummyStrategy" class="com.cyanspring.sample.custom.DummyStrategy" scope="prototype">
		<property name="strategyName" value="DUMMY"/>
		<property name="quantityAnalyzer">
			<bean class="com.cyanspring.sample.custom.DummyQuantityAnalyzer"></bean>	
		</property>
		<property name="priceAnalyzer">
			<bean class="com.cyanspring.sample.custom.DummyPriceAnalyzer"></bean>	
		</property>
		<property name="executionAnalyzer">
			<ref bean="defaultExecutionAnalyzer"/>
		</property>
		<property name="executionManager">
			<ref bean="defaultExecutionManager"/>
		</property>
	</bean>

	
</beans>
