<beans xmlns="http://www.springframework.org/schema/beans"
	xmlns:xsi="http://www.w3.org/2001/XMLSchema-instance"
	xmlns:context="http://www.springframework.org/schema/context"
	xsi:schemaLocation="http://www.springframework.org/schema/context
	http://www.springframework.org/schema/context/spring-context.xsd
	http://www.springframework.org/schema/beans
	http://www.springframework.org/schema/beans/spring-beans.xsd"
>

	<context:annotation-config />
	<bean id="lowHighStrategyFieldDefs" class="java.util.ArrayList">       
	    <constructor-arg>
	        <list>
	        </list>
	    </constructor-arg>
	</bean> 
	
	<bean id="lowHighInstrumentFieldDefs" class="java.util.ArrayList">       
	    <constructor-arg>
	        <list>
            	<bean class="com.cyanspring.common.business.FieldDef">
            		<property name="name" value="Qty"/>
            		<property name="type" value="java.lang.Double"/>
            		<property name="input" value="true"/>
            		<property name="amendable" value="true"/>
				</bean>
            	<bean class="com.cyanspring.common.business.FieldDef">
            		<property name="name" value="High stop"/>
            		<property name="type" value="java.lang.Double"/>
            		<property name="amendable" value="true"/>
				</bean>
            	<bean class="com.cyanspring.common.business.FieldDef">
            		<property name="name" value="High take"/>
            		<property name="type" value="java.lang.Double"/>
            		<property name="amendable" value="true"/>
				</bean>
            	<bean class="com.cyanspring.common.business.FieldDef">
            		<property name="name" value="High flat"/>
            		<property name="type" value="java.lang.Double"/>
            		<property name="amendable" value="true"/>
				</bean>
            	<bean class="com.cyanspring.common.business.FieldDef">
            		<property name="name" value="Low flat"/>
            		<property name="type" value="java.lang.Double"/>
            		<property name="input" value="true"/>
            		<property name="amendable" value="true"/>
				</bean>
            	<bean class="com.cyanspring.common.business.FieldDef">
            		<property name="name" value="Low take"/>
            		<property name="type" value="java.lang.Double"/>
            		<property name="input" value="true"/>
            		<property name="amendable" value="true"/>
				</bean>
            	<bean class="com.cyanspring.common.business.FieldDef">
            		<property name="name" value="Low stop"/>
            		<property name="type" value="java.lang.Double"/>
            		<property name="input" value="true"/>
            		<property name="amendable" value="true"/>
				</bean>
            	<bean class="com.cyanspring.common.business.FieldDef">
            		<property name="name" value="Shortable"/>
            		<property name="type" value="java.lang.Boolean"/>
				</bean>
	        </list>
	    </constructor-arg>
	</bean> 

	<bean id="lowHighStrategy" class="com.cyanspring.sample.multiinstrument.lowhigh.LowHighStrategy" scope="prototype">
		<property name="strategyName" value="LOW_HIGH"/>
		<property name="executionAnalyzer">
			<ref bean="defaultExecutionAnalyzer"/>
		</property>
		<property name="executionManager">
			<ref bean="defaultExecutionManager"/>
		</property>
		<property name="strategyFieldDefs" ref="lowHighStrategyFieldDefs"/>
		<property name="instrumentFieldDefs" ref="lowHighInstrumentFieldDefs"/>
	</bean>
	
</beans>
