<beans xmlns="http://www.springframework.org/schema/beans"
	xmlns:xsi="http://www.w3.org/2001/XMLSchema-instance"
	xmlns:context="http://www.springframework.org/schema/context"
	xsi:schemaLocation="http://www.springframework.org/schema/context
	http://www.springframework.org/schema/context/spring-context.xsd
	http://www.springframework.org/schema/beans
	http://www.springframework.org/schema/beans/spring-beans.xsd"
>

	<context:annotation-config />
	<bean id="sdmaStrategy" class="com.cyanspring.sample.singleorder.sdma.SDMAStrategy" scope="prototype">
		<property name="strategyName" value="SDMA"/>
		<property name="quantityAnalyzer">
			<bean class="com.cyanspring.strategy.singleorder.AllQuantityAnalyzer"></bean>	
		</property>
		<property name="priceAnalyzer">
			<ref bean="sdmaPriceAnalyzer"/>
		</property>
		<property name="executionAnalyzer">
			<ref bean="defaultExecutionAnalyzer"/>
		</property>
		<property name="executionManager">
			<ref bean="defaultExecutionManager"/>
		</property>
		<property name="eventExecuteTiming">
	  		<map key-type="java.lang.Class" value-type="com.cyanspring.common.strategy.ExecuteTiming">
		        <entry key="com.cyanspring.common.event.marketdata.QuoteEvent" value="NOW" />
		        <entry key="com.cyanspring.common.event.strategy.ExecutionInstructionResponseEvent" value="NOW" />
		    </map>
		</property>
	</bean>

	<bean id="sdmaPriceAnalyzer" class="com.cyanspring.sample.singleorder.sdma.SDMAPriceAnalyzer" scope="prototype">
		<property name="supportMarketOrderType" value="false"/>
	</bean>
	
</beans>
