<beans xmlns="http://www.springframework.org/schema/beans"
	xmlns:xsi="http://www.w3.org/2001/XMLSchema-instance"
	xmlns:context="http://www.springframework.org/schema/context"
	xsi:schemaLocation="http://www.springframework.org/schema/context
	http://www.springframework.org/schema/context/spring-context.xsd
	http://www.springframework.org/schema/beans
	http://www.springframework.org/schema/beans/spring-beans.xsd"
>

	<context:annotation-config />
	<bean id="stopWinLossStrategy" class="com.cyanspring.sample.singleinstrument.StopWinLossStrategy" scope="prototype">
		<property name="strategyName" value="STOP_WIN_LOSS"/>
		<property name="executionAnalyzer">
			<ref bean="defaultExecutionAnalyzer"/>
		</property>
		<property name="executionManager">
			<ref bean="defaultExecutionManager"/>
		</property>
		<property name="strategyFieldDefs">
	        <list>
            	<bean class="com.cyanspring.common.business.FieldDef">
            		<property name="name" value="High fall"/>
            		<property name="type" value="java.lang.Double"/>
            		<property name="amendable" value="true"/>
				</bean>
            	<bean class="com.cyanspring.common.business.FieldDef">
            		<property name="name" value="High fall%"/>
            		<property name="type" value="java.lang.Double"/>
            		<property name="amendable" value="true"/>
				</bean>
            	<bean class="com.cyanspring.common.business.FieldDef">
            		<property name="name" value="Min win"/>
            		<property name="type" value="java.lang.Double"/>
            		<property name="amendable" value="true"/>
				</bean>
            	<bean class="com.cyanspring.common.business.FieldDef">
            		<property name="name" value="Min win%"/>
            		<property name="type" value="java.lang.Double"/>
            		<property name="amendable" value="true"/>
				</bean>
            	<bean class="com.cyanspring.common.business.FieldDef">
            		<property name="name" value="Low fall"/>
            		<property name="type" value="java.lang.Double"/>
            		<property name="amendable" value="true"/>
				</bean>
            	<bean class="com.cyanspring.common.business.FieldDef">
            		<property name="name" value="Low fall%"/>
            		<property name="type" value="java.lang.Double"/>
            		<property name="amendable" value="true"/>
				</bean>
	        </list>
		</property>
	</bean>

	
</beans>
