<map>
  <entry>
    <string>CUSTOM2</string>
    <list>
      <com.cyanspring.cstw.gui.common.ColumnProperty>
        <title>Symbol</title>
        <width>100</width>
        <editable>false</editable>
      </com.cyanspring.cstw.gui.common.ColumnProperty>
      <com.cyanspring.cstw.gui.common.ColumnProperty>
        <title>Leg</title>
        <width>100</width>
        <editable>false</editable>
      </com.cyanspring.cstw.gui.common.ColumnProperty>
      <com.cyanspring.cstw.gui.common.ColumnProperty>
        <title>Position</title>
        <width>100</width>
        <editable>false</editable>
      </com.cyanspring.cstw.gui.common.ColumnProperty>
      <com.cyanspring.cstw.gui.common.ColumnProperty>
        <title>Pos Px</title>
        <width>100</width>
        <editable>false</editable>
      </com.cyanspring.cstw.gui.common.ColumnProperty>
      <com.cyanspring.cstw.gui.common.ColumnProperty>
        <title>Strategy Id</title>
        <width>100</width>
        <editable>false</editable>
      </com.cyanspring.cstw.gui.common.ColumnProperty>
      <com.cyanspring.cstw.gui.common.ColumnProperty>
        <title>Derivative</title>
        <width>100</width>
        <editable>false</editable>
      </com.cyanspring.cstw.gui.common.ColumnProperty>
      <com.cyanspring.cstw.gui.common.ColumnProperty>
        <title>id</title>
        <width>100</width>
        <editable>false</editable>
      </com.cyanspring.cstw.gui.common.ColumnProperty>
      <com.cyanspring.cstw.gui.common.ColumnProperty>
        <title>Server Id</title>
        <width>100</width>
        <editable>false</editable>
      </com.cyanspring.cstw.gui.common.ColumnProperty>
      <com.cyanspring.cstw.gui.common.ColumnProperty>
        <title>P/L</title>
        <width>100</width>
        <editable>false</editable>
      </com.cyanspring.cstw.gui.common.ColumnProperty>
      <com.cyanspring.cstw.gui.common.ColumnProperty>
        <title>Qty</title>
        <width>100</width>
        <editable>false</editable>
      </com.cyanspring.cstw.gui.common.ColumnProperty>
    </list>
  </entry>
  <entry>
    <string>CUSTOM3</string>
    <list>
      <com.cyanspring.cstw.gui.common.ColumnProperty>
        <title>Qty</title>
        <width>100</width>
        <editable>false</editable>
      </com.cyanspring.cstw.gui.common.ColumnProperty>
      <com.cyanspring.cstw.gui.common.ColumnProperty>
        <title>id</title>
        <width>100</width>
        <editable>false</editable>
      </com.cyanspring.cstw.gui.common.ColumnProperty>
      <com.cyanspring.cstw.gui.common.ColumnProperty>
        <title>Strategy Id</title>
        <width>100</width>
        <editable>false</editable>
      </com.cyanspring.cstw.gui.common.ColumnProperty>
      <com.cyanspring.cstw.gui.common.ColumnProperty>
        <title>Symbol</title>
        <width>100</width>
        <editable>false</editable>
      </com.cyanspring.cstw.gui.common.ColumnProperty>
      <com.cyanspring.cstw.gui.common.ColumnProperty>
        <title>P/L</title>
        <width>100</width>
        <editable>false</editable>
      </com.cyanspring.cstw.gui.common.ColumnProperty>
      <com.cyanspring.cstw.gui.common.ColumnProperty>
        <title>Position</title>
        <width>100</width>
        <editable>false</editable>
      </com.cyanspring.cstw.gui.common.ColumnProperty>
      <com.cyanspring.cstw.gui.common.ColumnProperty>
        <title>Exit delta</title>
        <width>100</width>
        <editable>false</editable>
      </com.cyanspring.cstw.gui.common.ColumnProperty>
      <com.cyanspring.cstw.gui.common.ColumnProperty>
        <title>Server Id</title>
        <width>100</width>
        <editable>false</editable>
      </com.cyanspring.cstw.gui.common.ColumnProperty>
      <com.cyanspring.cstw.gui.common.ColumnProperty>
        <title>Pos Px</title>
        <width>100</width>
        <editable>false</editable>
      </com.cyanspring.cstw.gui.common.ColumnProperty>
      <com.cyanspring.cstw.gui.common.ColumnProperty>
        <title>Pos Value</title>
        <width>100</width>
        <editable>false</editable>
      </com.cyanspring.cstw.gui.common.ColumnProperty>
    </list>
  </entry>
  <entry>
    <string>LOW_HIGH</string>
    <list>
      <com.cyanspring.cstw.gui.common.ColumnProperty>
        <title>Symbol</title>
        <width>72</width>
        <editable>false</editable>
      </com.cyanspring.cstw.gui.common.ColumnProperty>
      <com.cyanspring.cstw.gui.common.ColumnProperty>
        <title>Qty</title>
        <width>57</width>
        <editable>false</editable>
      </com.cyanspring.cstw.gui.common.ColumnProperty>
      <com.cyanspring.cstw.gui.common.ColumnProperty>
        <title>Low stop</title>
        <width>74</width>
        <editable>false</editable>
      </com.cyanspring.cstw.gui.common.ColumnProperty>
      <com.cyanspring.cstw.gui.common.ColumnProperty>
        <title>Low take</title>
        <width>68</width>
        <editable>false</editable>
      </com.cyanspring.cstw.gui.common.ColumnProperty>
      <com.cyanspring.cstw.gui.common.ColumnProperty>
        <title>Low flat</title>
        <width>69</width>
        <editable>false</editable>
      </com.cyanspring.cstw.gui.common.ColumnProperty>
      <com.cyanspring.cstw.gui.common.ColumnProperty>
        <title>Position</title>
        <width>63</width>
        <editable>false</editable>
      </com.cyanspring.cstw.gui.common.ColumnProperty>
      <com.cyanspring.cstw.gui.common.ColumnProperty>
        <title>P/L</title>
        <width>100</width>
        <editable>false</editable>
      </com.cyanspring.cstw.gui.common.ColumnProperty>
      <com.cyanspring.cstw.gui.common.ColumnProperty>
        <title>Pos Px</title>
        <width>80</width>
        <editable>false</editable>
      </com.cyanspring.cstw.gui.common.ColumnProperty>
      <com.cyanspring.cstw.gui.common.ColumnProperty>
        <title>id</title>
        <width>100</width>
        <editable>false</editable>
      </com.cyanspring.cstw.gui.common.ColumnProperty>
      <com.cyanspring.cstw.gui.common.ColumnProperty>
        <title>Strategy Id</title>
        <width>100</width>
        <editable>false</editable>
      </com.cyanspring.cstw.gui.common.ColumnProperty>
      <com.cyanspring.cstw.gui.common.ColumnProperty>
        <title>Server Id</title>
        <width>100</width>
        <editable>false</editable>
      </com.cyanspring.cstw.gui.common.ColumnProperty>
      <com.cyanspring.cstw.gui.common.ColumnProperty>
        <title>High stop</title>
        <width>100</width>
        <editable>false</editable>
      </com.cyanspring.cstw.gui.common.ColumnProperty>
      <com.cyanspring.cstw.gui.common.ColumnProperty>
        <title>High flat</title>
        <width>100</width>
        <editable>false</editable>
      </com.cyanspring.cstw.gui.common.ColumnProperty>
      <com.cyanspring.cstw.gui.common.ColumnProperty>
        <title>High take</title>
        <width>100</width>
        <editable>false</editable>
      </com.cyanspring.cstw.gui.common.ColumnProperty>
      <com.cyanspring.cstw.gui.common.ColumnProperty>
        <title>Shortable</title>
        <width>100</width>
        <editable>false</editable>
      </com.cyanspring.cstw.gui.common.ColumnProperty>
    </list>
  </entry>
  <entry>
    <string>BASIN</string>
    <list>
      <com.cyanspring.cstw.gui.common.ColumnProperty>
        <title>id</title>
        <width>82</width>
        <editable>false</editable>
      </com.cyanspring.cstw.gui.common.ColumnProperty>
      <com.cyanspring.cstw.gui.common.ColumnProperty>
        <title>Strategy Id</title>
        <width>87</width>
        <editable>false</editable>
      </com.cyanspring.cstw.gui.common.ColumnProperty>
      <com.cyanspring.cstw.gui.common.ColumnProperty>
        <title>Symbol</title>
        <width>49</width>
        <editable>false</editable>
      </com.cyanspring.cstw.gui.common.ColumnProperty>
      <com.cyanspring.cstw.gui.common.ColumnProperty>
        <title>Position</title>
        <width>84</width>
        <editable>false</editable>
      </com.cyanspring.cstw.gui.common.ColumnProperty>
      <com.cyanspring.cstw.gui.common.ColumnProperty>
        <title>Server Id</title>
        <width>100</width>
        <editable>false</editable>
      </com.cyanspring.cstw.gui.common.ColumnProperty>
      <com.cyanspring.cstw.gui.common.ColumnProperty>
        <title>Pos Px</title>
        <width>100</width>
        <editable>false</editable>
      </com.cyanspring.cstw.gui.common.ColumnProperty>
      <com.cyanspring.cstw.gui.common.ColumnProperty>
        <title>P/L</title>
        <width>100</width>
        <editable>false</editable>
      </com.cyanspring.cstw.gui.common.ColumnProperty>
      <com.cyanspring.cstw.gui.common.ColumnProperty>
        <title>Low fall%</title>
        <width>100</width>
        <editable>false</editable>
      </com.cyanspring.cstw.gui.common.ColumnProperty>
      <com.cyanspring.cstw.gui.common.ColumnProperty>
        <title>Min win%</title>
        <width>100</width>
        <editable>false</editable>
      </com.cyanspring.cstw.gui.common.ColumnProperty>
      <com.cyanspring.cstw.gui.common.ColumnProperty>
        <title>Low fall</title>
        <width>100</width>
        <editable>false</editable>
      </com.cyanspring.cstw.gui.common.ColumnProperty>
      <com.cyanspring.cstw.gui.common.ColumnProperty>
        <title>Min win</title>
        <width>100</width>
        <editable>false</editable>
      </com.cyanspring.cstw.gui.common.ColumnProperty>
      <com.cyanspring.cstw.gui.common.ColumnProperty>
        <title>High fall</title>
        <width>100</width>
        <editable>false</editable>
      </com.cyanspring.cstw.gui.common.ColumnProperty>
      <com.cyanspring.cstw.gui.common.ColumnProperty>
        <title>AL</title>
        <width>100</width>
        <editable>false</editable>
      </com.cyanspring.cstw.gui.common.ColumnProperty>
      <com.cyanspring.cstw.gui.common.ColumnProperty>
        <title>AH</title>
        <width>100</width>
        <editable>false</editable>
      </com.cyanspring.cstw.gui.common.ColumnProperty>
    </list>
  </entry>
  <entry>
    <string>MARKET_MAKING</string>
    <list>
      <com.cyanspring.cstw.gui.common.ColumnProperty>
        <title>Leg</title>
        <width>100</width>
        <editable>false</editable>
      </com.cyanspring.cstw.gui.common.ColumnProperty>
      <com.cyanspring.cstw.gui.common.ColumnProperty>
        <title>Qty</title>
        <width>100</width>
        <editable>false</editable>
      </com.cyanspring.cstw.gui.common.ColumnProperty>
      <com.cyanspring.cstw.gui.common.ColumnProperty>
        <title>id</title>
        <width>100</width>
        <editable>false</editable>
      </com.cyanspring.cstw.gui.common.ColumnProperty>
      <com.cyanspring.cstw.gui.common.ColumnProperty>
        <title>Strategy Id</title>
        <width>196</width>
        <editable>false</editable>
      </com.cyanspring.cstw.gui.common.ColumnProperty>
      <com.cyanspring.cstw.gui.common.ColumnProperty>
        <title>Symbol</title>
        <width>100</width>
        <editable>false</editable>
      </com.cyanspring.cstw.gui.common.ColumnProperty>
      <com.cyanspring.cstw.gui.common.ColumnProperty>
        <title>Position</title>
        <width>100</width>
        <editable>false</editable>
      </com.cyanspring.cstw.gui.common.ColumnProperty>
      <com.cyanspring.cstw.gui.common.ColumnProperty>
        <title>Derivative</title>
        <width>100</width>
        <editable>false</editable>
      </com.cyanspring.cstw.gui.common.ColumnProperty>
      <com.cyanspring.cstw.gui.common.ColumnProperty>
        <title>Server Id</title>
        <width>100</width>
        <editable>false</editable>
      </com.cyanspring.cstw.gui.common.ColumnProperty>
      <com.cyanspring.cstw.gui.common.ColumnProperty>
        <title>Pos Px</title>
        <width>100</width>
        <editable>false</editable>
      </com.cyanspring.cstw.gui.common.ColumnProperty>
      <com.cyanspring.cstw.gui.common.ColumnProperty>
        <title>P/L</title>
        <width>100</width>
        <editable>false</editable>
      </com.cyanspring.cstw.gui.common.ColumnProperty>
    </list>
  </entry>
  <entry>
    <string>DOLLAR_NEUTRAL</string>
    <list>
      <com.cyanspring.cstw.gui.common.ColumnProperty>
        <title>Symbol</title>
        <width>71</width>
        <editable>false</editable>
      </com.cyanspring.cstw.gui.common.ColumnProperty>
      <com.cyanspring.cstw.gui.common.ColumnProperty>
        <title>Ref price</title>
        <width>100</width>
        <editable>false</editable>
      </com.cyanspring.cstw.gui.common.ColumnProperty>
      <com.cyanspring.cstw.gui.common.ColumnProperty>
        <title>Leg</title>
        <width>45</width>
        <editable>false</editable>
      </com.cyanspring.cstw.gui.common.ColumnProperty>
      <com.cyanspring.cstw.gui.common.ColumnProperty>
        <title>Weight</title>
        <width>54</width>
        <editable>false</editable>
      </com.cyanspring.cstw.gui.common.ColumnProperty>
      <com.cyanspring.cstw.gui.common.ColumnProperty>
        <title>Value</title>
        <width>80</width>
        <editable>false</editable>
      </com.cyanspring.cstw.gui.common.ColumnProperty>
      <com.cyanspring.cstw.gui.common.ColumnProperty>
        <title>Weight %</title>
        <width>74</width>
        <editable>false</editable>
      </com.cyanspring.cstw.gui.common.ColumnProperty>
      <com.cyanspring.cstw.gui.common.ColumnProperty>
        <title>P/L</title>
        <width>100</width>
        <editable>false</editable>
      </com.cyanspring.cstw.gui.common.ColumnProperty>
      <com.cyanspring.cstw.gui.common.ColumnProperty>
        <title>Position</title>
        <width>100</width>
        <editable>false</editable>
      </com.cyanspring.cstw.gui.common.ColumnProperty>
      <com.cyanspring.cstw.gui.common.ColumnProperty>
        <title>Ref qty</title>
        <width>100</width>
        <editable>false</editable>
      </com.cyanspring.cstw.gui.common.ColumnProperty>
      <com.cyanspring.cstw.gui.common.ColumnProperty>
        <title>Server Id</title>
        <width>100</width>
        <editable>false</editable>
      </com.cyanspring.cstw.gui.common.ColumnProperty>
      <com.cyanspring.cstw.gui.common.ColumnProperty>
        <title>Pos Px</title>
        <width>100</width>
        <editable>false</editable>
      </com.cyanspring.cstw.gui.common.ColumnProperty>
      <com.cyanspring.cstw.gui.common.ColumnProperty>
        <title>id</title>
        <width>100</width>
        <editable>false</editable>
      </com.cyanspring.cstw.gui.common.ColumnProperty>
      <com.cyanspring.cstw.gui.common.ColumnProperty>
        <title>Strategy Id</title>
        <width>100</width>
        <editable>false</editable>
      </com.cyanspring.cstw.gui.common.ColumnProperty>
    </list>
  </entry>
</map>