<map>
  <entry>
    <string>Parent Order</string>
    <list>
      <com.cyanspring.cstw.gui.common.ColumnProperty>
        <title>Symbol</title>
        <width>69</width>
        <editable>false</editable>
      </com.cyanspring.cstw.gui.common.ColumnProperty>
      <com.cyanspring.cstw.gui.common.ColumnProperty>
        <title>Side</title>
        <width>59</width>
        <editable>false</editable>
      </com.cyanspring.cstw.gui.common.ColumnProperty>
      <com.cyanspring.cstw.gui.common.ColumnProperty>
        <title>Strategy</title>
        <width>67</width>
        <editable>false</editable>
      </com.cyanspring.cstw.gui.common.ColumnProperty>
      <com.cyanspring.cstw.gui.common.ColumnProperty>
        <title>Type</title>
        <width>68</width>
        <editable>false</editable>
      </com.cyanspring.cstw.gui.common.ColumnProperty>
      <com.cyanspring.cstw.gui.common.ColumnProperty>
        <title>Price</title>
        <width>49</width>
        <editable>false</editable>
      </com.cyanspring.cstw.gui.common.ColumnProperty>
      <com.cyanspring.cstw.gui.common.ColumnProperty>
        <title>Qty</title>
        <width>98</width>
        <editable>false</editable>
      </com.cyanspring.cstw.gui.common.ColumnProperty>
      <com.cyanspring.cstw.gui.common.ColumnProperty>
        <title>AvgPx</title>
        <width>96</width>
        <editable>false</editable>
      </com.cyanspring.cstw.gui.common.ColumnProperty>
      <com.cyanspring.cstw.gui.common.ColumnProperty>
        <title>CumQty</title>
        <width>135</width>
        <editable>false</editable>
      </com.cyanspring.cstw.gui.common.ColumnProperty>
      <com.cyanspring.cstw.gui.common.ColumnProperty>
        <title>State</title>
        <width>84</width>
        <editable>false</editable>
      </com.cyanspring.cstw.gui.common.ColumnProperty>
      <com.cyanspring.cstw.gui.common.ColumnProperty>
        <title>Status</title>
        <width>127</width>
        <editable>false</editable>
      </com.cyanspring.cstw.gui.common.ColumnProperty>
      <com.cyanspring.cstw.gui.common.ColumnProperty>
        <title>id</title>
        <width>0</width>
        <editable>false</editable>
      </com.cyanspring.cstw.gui.common.ColumnProperty>
      <com.cyanspring.cstw.gui.common.ColumnProperty>
        <title>Alert</title>
        <width>83</width>
        <editable>false</editable>
      </com.cyanspring.cstw.gui.common.ColumnProperty>
      <com.cyanspring.cstw.gui.common.ColumnProperty>
        <title>Label</title>
        <width>100</width>
        <editable>false</editable>
      </com.cyanspring.cstw.gui.common.ColumnProperty>
    </list>
  </entry>
</map>