<beans xmlns="http://www.springframework.org/schema/beans"
	xmlns:xsi="http://www.w3.org/2001/XMLSchema-instance"
	xmlns:context="http://www.springframework.org/schema/context"
	xsi:schemaLocation="http://www.springframework.org/schema/context
	http://www.springframework.org/schema/context/spring-context.xsd
	http://www.springframework.org/schema/beans
	http://www.springframework.org/schema/beans/spring-beans.xsd"
>

	<context:annotation-config />
	<!-- strategy level parameters are defined here -->
	<bean id="customStrategy2FieldDefs" class="java.util.ArrayList">       
	    <constructor-arg>
	        <list>
            	<bean class="com.cyanspring.common.business.FieldDef">
            		<property name="name" value="Parameter 1"/>
            		<property name="type" value="java.lang.Double"/>
            		<property name="input" value="true"/>
            		<property name="amendable" value="true"/>
				</bean>
	        </list>
	    </constructor-arg>
	</bean> 
	
	<!-- instrument level parameters are defined here -->
	<bean id="customStrategy2InstrumentFieldDefs" class="java.util.ArrayList">       
	    <constructor-arg>
	        <list>
            	<bean class="com.cyanspring.common.business.FieldDef">
            		<property name="name" value="Parameter 2"/>
            		<property name="type" value="java.lang.Double"/>
            		<property name="input" value="true"/>
            		<property name="amendable" value="true"/>
				</bean>
            	<bean class="com.cyanspring.common.business.FieldDef">
            		<property name="name" value="Parameter 3"/>
            		<property name="type" value="java.lang.Double"/>
            		<property name="amendable" value="true"/>
				</bean>
	        </list>
	    </constructor-arg>
	</bean> 

	<bean id="customStrategy2" class="com.cyanspring.custom.strategy.CustomStrategy2" scope="prototype">
		<property name="strategyName" value="CUSTOM2"/>
		<property name="executionAnalyzer">
			<ref bean="defaultExecutionAnalyzer"/>
		</property>
		<property name="executionManager">
			<ref bean="defaultExecutionManager"/>
		</property>
		<property name="strategyFieldDefs" ref="customStrategy2FieldDefs"/>
		<property name="instrumentFieldDefs" ref="customStrategy2InstrumentFieldDefs"/>
	</bean>
	
	
</beans>
